# AUV Synthetic DVL  — timestamp,vx,vy,vz,valid
timestamp,vx,vy,vz,valid
0.0000000,0.0231733,-0.0068893,-0.0138894,1
0.1100000,0.0164953,-0.0029127,0.0075818,1
0.2000000,0.0882026,-0.0114647,0.0208811,1
0.3000000,0.1103347,-0.0314661,0.0296175,1
0.4000000,0.1221181,-0.0049439,-0.0031647,1
0.5000000,0.1778183,-0.0182107,0.0226496,1
0.6000000,0.2488971,-0.0190349,-0.0443899,1
0.7000000,0.2836001,-0.0169156,-0.0207248,1
0.8000000,0.3301328,0.0285066,-0.0350231,0
0.9000000,0.3709034,0.0166371,-0.0125415,1
1.0000000,0.3940553,-0.0044803,-0.0279176,1
1.1000000,0.4029109,0.0089688,-0.0412470,1
1.2000000,0.5054374,0.0125321,-0.0468970,1
1.3000000,0.5277706,0.0083536,-0.0749458,1
1.4000000,0.5765525,-0.0027303,-0.0869701,1
1.5000000,0.6059476,0.0047209,-0.1160463,1
1.6000000,0.6362441,-0.0124749,-0.0674215,1
1.7000000,0.6961889,0.0213115,-0.0745311,1
1.8000000,0.7041574,-0.0061658,-0.0917549,1
1.9000000,0.7300489,-0.0029624,-0.0962323,1
2.0000000,0.7525832,-0.0215385,-0.1085423,1
2.1100000,0.8288314,-0.0203277,-0.1238579,1
2.2100000,0.8276739,-0.0050170,-0.1160312,1
2.3100000,0.9100086,0.0081953,-0.1177185,1
2.4100000,0.9539536,0.0022251,-0.1115220,1
2.5100000,0.9879803,0.0262688,-0.1569165,1
2.6100000,0.9765893,-0.0109989,-0.1520869,1
2.7100000,1.0311023,0.0123873,-0.3128666,1
2.8100000,1.0583580,-0.0030614,-0.1604932,1
2.9100000,1.0725750,0.0067943,-0.2360758,1
3.0100000,1.1262095,-0.0005920,-0.3399915,1
3.1100000,1.1752442,0.0213951,-0.2230653,1
3.2100000,1.1828258,-0.0190268,-0.3320442,1
3.3100000,1.2321494,0.0093864,-0.4226491,1
3.4100000,1.2893793,0.0063218,-0.2759856,1
3.5100000,1.2552726,-0.0054666,-0.5105503,1
3.6100000,1.3586807,-0.0074602,-0.2845191,1
3.7100000,1.3391492,0.0159812,-0.5084989,1
3.8100000,1.3912130,-0.0330341,-0.3164442,1
3.9100000,1.4121138,-0.0031782,-0.5313305,1
4.0100000,1.5030773,-0.0016365,-0.2653866,1
4.1100000,1.5349412,-0.0091641,-0.2778047,1
4.2100000,1.5657367,0.0166616,-0.3034651,0
4.3100000,1.5853562,-0.0097906,-0.2840227,1
4.4100000,1.6423829,-0.0139667,-0.2833182,1
4.5100000,1.6509747,-0.0064667,-0.3076051,1
4.6100000,1.6235330,0.0112146,-0.7773771,1
4.7100000,1.6840505,0.0109059,-0.5943727,1
4.8100000,1.7363307,0.0124807,-0.4232603,1
4.9100000,1.7529245,-0.0259249,-0.7996445,1
5.0100000,1.7713041,0.0244143,-0.6233905,1
5.1100000,1.8389369,0.0148615,-0.4511615,1
5.2100000,1.8073475,-0.0005883,-0.8121924,1
5.3100000,1.9323765,0.0033429,-0.5577009,1
5.4100000,1.8799054,0.0285535,-0.8500337,1
5.5100000,2.0166690,0.0090899,-0.4667037,1
5.6100000,1.9592478,-0.0005944,-0.7322775,1
5.7100000,2.0652308,0.0063516,-0.3873140,1
5.8100000,2.0483374,0.0049661,-0.6848116,1
5.9100000,2.0573819,-0.0131487,-1.0086048,1
6.0100000,2.1828460,-0.0094869,-0.4953838,1
6.1100000,2.1230037,-0.0214267,-0.6932590,1
6.2100000,2.1273934,-0.0098197,-0.9043069,0
6.3100000,2.1388154,0.0008840,-1.1051726,1
6.4100000,2.2868285,-0.0016031,-0.5327580,1
6.5100000,2.2566326,0.0000651,-0.7431060,1
6.6100000,2.2828444,-0.0075709,-0.9156662,1
6.7100000,2.2448421,-0.0155858,-1.1019629,1
6.8100000,2.2692701,-0.0326998,-1.2064163,1
6.9100000,2.4536869,-0.0310563,-0.4466450,1
7.0100000,2.5064878,0.0041501,-0.5597282,1
7.1100000,2.4826821,-0.0166010,-0.6549368,1
7.2100000,2.4872606,-0.0167678,-0.8042908,1
7.3100000,2.5236136,0.0092449,-0.9042125,1
7.4100000,2.5472738,0.0092485,-0.9763259,1
7.5100000,2.5731244,-0.0193506,-0.9762597,1
7.6100000,2.5908025,0.0093852,-0.9843275,1
7.7100000,2.6447141,0.0094818,-0.9824324,1
7.8100000,2.6144867,0.0116563,-1.0394085,1
7.9100000,2.6926191,0.0072239,-1.0649744,1
8.0100000,2.7288603,0.0023366,-1.0196017,1
8.1100000,2.6974321,0.0324961,-1.0584794,1
8.2100000,2.7799456,0.0265608,-0.9443897,1
8.3100000,2.8166653,-0.0004615,-0.8315147,1
8.4100000,2.9088149,0.0035556,-0.7670972,1
8.5100000,2.9292842,-0.0138474,-0.6789516,1
8.6100000,2.9718802,-0.0112903,-0.5843099,1
8.7100000,2.8035693,0.0005738,-1.5619401,1
8.8100000,2.8768024,0.0269501,-1.4476342,1
8.9100000,2.9012746,0.0171827,-1.3725392,1
9.0100000,2.9879424,-0.0128684,-1.1874166,1
9.1100000,3.0571793,0.0210191,-0.9762664,0
9.2100000,3.0792651,0.0297297,-0.8156962,1
9.3100000,3.1682010,-0.0115492,-0.7182000,1
9.4100000,3.0085147,0.0035924,-1.5588687,1
9.5100000,3.1226120,-0.0007949,-1.4075084,1
9.6100000,3.1644222,0.0094335,-1.2207638,1
9.7100000,3.2146076,0.0431808,-1.0064498,1
9.8100000,3.3073253,0.0240336,-0.7382443,0
9.9100000,3.1544305,-0.0107550,-1.7159361,1
10.0100000,3.2463569,0.0052484,-1.4537467,1
10.1100000,3.3462009,0.0069616,-1.1705346,1
10.2100000,3.4288471,-0.0056011,-0.9002669,1
10.3100000,3.2402067,-0.0044507,-1.8236130,1
10.4100000,3.3353018,0.0154287,-1.5324173,1
10.5100000,3.4166487,-0.0329251,-1.2790602,1
10.6100000,3.5104449,-0.0032646,-0.9712418,1
10.7100000,3.3084079,0.0084036,-1.9603356,1
10.8100000,3.4474168,0.0043198,-1.5889186,1
10.9100000,3.5900829,-0.0071519,-1.2008421,1
11.0100000,3.6801208,0.0221349,-0.8114378,1
11.1100000,3.5174199,-0.0078913,-1.8164453,1
11.2100000,3.5845495,-0.0224226,-1.4098649,1
11.3100000,3.7322646,0.0116741,-1.0210821,1
11.4100000,3.5559450,-0.0144754,-2.0211902,1
11.5100000,3.6685163,-0.0099566,-1.6085852,1
11.6100000,3.7748090,-0.0409277,-1.1348967,1
11.7100000,3.5765176,-0.0208482,-2.0916729,1
11.8100000,3.7317043,-0.0156389,-1.6222373,1
11.9100000,3.8364812,-0.0033552,-1.1581687,1
12.0100000,3.6953767,-0.0238648,-2.1256097,1
12.1100000,3.8293477,-0.0188583,-1.6406648,1
12.2100000,3.9419036,0.0163103,-1.1589366,1
12.3100000,3.7734835,-0.0088406,-2.1405334,1
12.4100000,3.8731113,-0.0077675,-1.6798545,1
12.5100000,4.0591912,0.0097646,-1.0920859,1
12.6100000,3.8860157,0.0260906,-2.0483828,1
12.7100000,4.0191792,0.0017642,-1.5024388,0
12.8100000,4.1408202,-0.0163850,-0.9060811,1
12.9100000,3.9737604,-0.0077317,-1.9088914,1
13.0100000,4.1171512,-0.0047604,-1.3024591,1
13.1100000,3.9560864,-0.0031397,-2.2709282,1
13.2100000,4.1090809,-0.0042898,-1.7417549,1
13.3100000,4.2788111,-0.0193869,-1.1355462,1
13.4100000,4.0825583,-0.0320491,-2.0787806,1
13.5100000,4.2134029,0.0276444,-1.4350808,1
13.6100000,4.0752166,0.0159249,-2.3964391,1
13.7100000,4.2185129,0.0009215,-1.7209065,1
13.8100000,4.3938550,0.0058936,-1.0765744,1
13.9100000,4.2295743,-0.0068859,-2.0375605,1
14.0100000,4.3864942,0.0067151,-1.3709069,1
14.1100000,4.1948590,-0.0091707,-2.3394658,1
14.2100000,4.3955970,-0.0427144,-1.6141917,1
14.3100000,4.5137677,-0.0087801,-0.9662238,1
14.4100000,4.3707244,-0.0050869,-1.9557725,1
14.5100000,4.5817647,0.0110660,-1.2422103,1
14.6100000,4.3847926,-0.0191544,-2.1586230,0
14.7100000,4.5183174,0.0086918,-1.3529774,1
14.8100000,4.3377077,-0.0039016,-2.3210791,1
14.9100000,4.5520833,-0.0105971,-1.5973939,1
15.0100000,4.3662315,0.0231177,-2.5690678,1
15.1100000,4.5527939,0.0215354,-1.7763350,1
15.2100000,4.7162579,-0.0116550,-1.0545427,1
15.3100000,4.6013552,-0.0048904,-2.0166020,0
15.4100000,4.7550252,0.0485629,-1.2431524,1
15.5100000,4.6017172,-0.0464861,-2.2018900,1
15.6100000,4.8202120,-0.0325146,-1.3381428,1
15.7100000,4.6455296,-0.0166583,-2.3023086,1
15.8100000,4.8205064,-0.0122211,-1.4455672,1
15.9100000,4.6283388,0.0388863,-2.4462642,1
16.0100000,4.8386973,-0.0098921,-1.5585273,1
16.1100000,4.6571021,-0.0044316,-2.4899165,1
16.2100000,4.8744538,0.0017052,-1.6795137,1
16.3100000,4.6857193,-0.0074875,-2.6166932,1
16.4100000,4.8872061,-0.0278477,-1.7624650,1
16.5100000,4.7157635,0.0085621,-2.6948133,1
16.6100000,4.9000255,0.0371949,-1.8542758,1
16.7100000,4.7418753,-0.0043781,-2.8479786,1
16.8100000,4.9746670,0.0078079,-1.8718049,1
16.9100000,4.7818059,0.0229472,-2.8776964,1
17.0100000,5.0099650,-0.0276909,-1.8986464,1
17.1100000,4.8499434,-0.0049861,-2.8292166,1
17.2100000,5.0540953,-0.0499348,-1.8604750,1
17.3100000,4.8664363,0.0252513,-2.8425264,1
17.4100000,5.0904479,0.0013599,-1.9231017,1
17.5100000,4.9206754,-0.0241559,-2.8956922,1
17.6100000,5.1841380,0.0073701,-1.9176729,1
17.7100000,4.9767813,-0.0007683,-2.8823553,1
17.8000000,5.2106140,-0.0053442,-1.7200140,1
17.9000000,5.0604383,-0.0061751,-2.6759695,1
18.0000000,5.2610038,0.0088048,-1.6816056,1
18.1000000,5.0976357,0.0390714,-2.6075772,1
18.2000000,5.3454366,0.0306019,-1.5340878,1
18.3000000,5.1481852,0.0021989,-2.5338717,0
18.4000000,5.3963918,0.0220725,-1.4542410,1
18.5000000,5.2287219,-0.0051497,-2.4332407,1
18.6000000,5.5532586,0.0097607,-1.3760116,1
18.7000000,5.2671618,0.0307413,-2.3553131,1
18.8000000,5.4996754,0.0257937,-1.2424381,1
18.9000000,5.3516623,0.0302705,-2.2457217,0
19.0000000,5.5900040,-0.0032975,-1.1069574,1
19.1000000,5.4403386,0.0021853,-2.0437227,1
19.2000000,5.2708775,0.0071024,-3.0025895,1
19.3000000,5.5083541,-0.0023904,-1.8843235,1
19.4000000,5.3534345,0.0051159,-2.8368797,1
19.5000000,5.5598391,-0.0005698,-1.7097202,1
19.6000000,5.4549145,0.0337468,-2.6783893,1
19.7000000,5.6487463,-0.0371446,-1.5086064,1
19.8000000,5.4834362,-0.0258821,-2.4774100,1
19.9000000,5.7244535,0.0007373,-1.3219981,1
20.0000000,5.5626626,-0.0116950,-2.3404743,1
20.1000000,5.3725007,-0.1643036,-3.2982057,1
20.2000000,5.6140587,-0.1803139,-2.0276727,1
20.3000000,5.4144771,-0.3750160,-2.9676383,1
20.4000000,5.7400811,-0.2882054,-1.5292363,1
20.5000000,5.5828384,-0.4813622,-2.4373438,1
20.6000000,5.3728771,-0.6921683,-3.3633612,1
20.7000000,5.7217420,-0.4712160,-1.7213575,1
20.8000000,5.4805239,-0.7071800,-2.6350528,1
20.9000000,5.3286735,-0.9261099,-3.5416580,1
21.0000000,5.6977409,-0.6090200,-1.6882190,1
21.1000000,5.4974806,-0.9076483,-2.5883308,0
21.2000000,5.3593982,-1.1764156,-3.4784260,1
21.3000000,5.8013522,-0.6637345,-1.3508389,1
21.4000000,5.6070211,-0.9965970,-2.2500373,1
21.5000000,5.3671742,-1.2621619,-3.2022508,1
21.6000000,5.2004061,-1.5858358,-4.0983373,1
21.7000000,5.6682160,-0.9520202,-1.8081456,1
21.8000000,5.4980035,-1.2583276,-2.7150026,1
21.9000000,5.2506380,-1.5616309,-3.6529925,1
22.0000000,5.8100709,-0.8812197,-1.2414774,1
22.1000000,5.6218572,-1.2017124,-2.1559065,0
22.2000000,5.4079231,-1.5296057,-3.0712169,1
22.3000000,5.2039543,-1.8066001,-3.9919660,1
22.4000000,5.7890822,-1.0503911,-1.4315604,1
22.5000000,5.5743773,-1.3955295,-2.2944478,1
22.6000000,5.3428760,-1.7176582,-3.2008951,1
22.7000000,5.1316340,-2.0084908,-4.1069852,1
22.8000000,5.7616833,-1.2079769,-1.4540009,1
22.9000000,5.5559104,-1.5029399,-2.3833482,1
23.0000000,5.3376832,-1.8419404,-3.2766443,1
23.1000000,5.0908089,-2.2053153,-4.2214786,1
23.2000000,5.7230366,-1.3219460,-1.5179495,1
23.3000000,5.5791112,-1.6145987,-2.3583617,1
23.4000000,5.3338124,-1.9870615,-3.3005368,1
23.5000000,5.0634998,-2.3257434,-4.1676819,1
23.6000000,5.7916853,-1.3480148,-1.3071397,1
23.7000000,5.5406022,-1.6505790,-2.1939449,1
23.8000000,5.3221579,-2.0533536,-3.1059339,1
23.9000000,5.1028501,-2.3836939,-4.0060052,1
24.0000000,5.8763307,-1.3611861,-1.0471215,1
24.1000000,5.6291891,-1.7071183,-1.9219810,1
24.2000000,5.3766804,-2.0213757,-2.8245459,1
24.3000000,5.1660751,-2.4011390,-3.6882312,1
24.4000000,4.9188954,-2.7167747,-4.6029803,1
24.5000000,5.6859217,-1.6488572,-1.5424524,1
24.6000000,5.4450151,-2.0279235,-2.4024076,1
24.7000000,5.2452711,-2.3852422,-3.3323310,1
24.8000000,4.9703557,-2.7322403,-4.2536900,1
24.9000000,5.8158829,-1.6065704,-1.0994779,1
25.0000000,5.5992364,-1.9347462,-2.0370844,1
25.1000000,5.2880405,-2.3450826,-2.8993702,1
25.2000000,5.0575328,-2.6865824,-3.7501140,1
25.3000000,4.8223893,-3.0071642,-4.6899631,1
25.4000000,5.7608714,-1.8859085,-1.4726007,1
25.5000000,5.4405233,-2.2200168,-2.3744138,1
25.6000000,5.1767781,-2.5479964,-3.2421790,1
25.7000000,4.9465771,-2.9475431,-4.1736666,0
25.8000000,4.6665050,-3.2694592,-5.0104130,1
25.9000000,5.6806123,-2.1292075,-1.7189447,1
26.0000000,5.4050531,-2.4480057,-2.6143930,1
26.1000000,5.1114165,-2.7954044,-3.5130594,1
26.2000000,4.8543622,-3.1183813,-4.3877821,1
26.3000000,5.8295118,-1.9531597,-0.9773236,1
26.4000000,5.5258919,-2.2978940,-1.8876290,1
26.5000000,5.2560664,-2.6145199,-2.8112426,0
26.6000000,5.0194706,-2.9801533,-3.6767036,1
26.7000000,4.7504103,-3.3168263,-4.5864695,0
26.8000000,5.7523904,-2.0993792,-1.0703807,1
26.9000000,5.5205371,-2.4513152,-1.9828135,1
27.0000000,5.2507444,-2.7876696,-2.8831211,1
27.1000000,4.9555473,-3.0886252,-3.7567078,1
27.2000000,4.6717110,-3.4479716,-4.6227726,1
27.3000000,5.7438947,-2.2197686,-1.0741371,1
27.4000000,5.4974211,-2.5622943,-1.9717414,1
27.5000000,5.1605474,-2.8827050,-2.8407783,1
27.6000000,4.9030788,-3.2335205,-3.7417905,1
27.7000000,4.5928284,-3.5556696,-4.6292813,0
27.8000000,5.7364651,-2.3100449,-1.0121692,1
27.9000000,5.4479589,-2.6390505,-1.8725422,1
28.0000000,5.2176833,-2.9954966,-2.7279078,1
28.1000000,4.8460168,-3.3028926,-3.6438076,1
28.2000000,4.6274281,-3.6870593,-4.4804291,1
28.3000000,4.3303756,-3.9689012,-5.4047955,1
28.4000000,5.5381948,-2.6491124,-1.5967538,1
28.5000000,5.2341568,-3.0074755,-2.4969731,1
28.6000000,4.9720696,-3.3454639,-3.3439442,1
28.7000000,4.5919763,-3.6584114,-4.2537678,1
28.8000000,4.3414350,-4.0499470,-5.1184280,1
28.9000000,5.6018464,-2.6704531,-1.2555021,1
29.0000000,5.3301602,-3.0037120,-2.0994062,1
29.1000000,5.0491811,-3.3512723,-2.9823519,1
29.2000000,4.7261571,-3.6849092,-3.8433777,1
29.3000000,4.3731436,-4.0266810,-4.7041128,1
29.4000000,4.0872327,-4.3593927,-5.5889142,1
29.5000000,5.4357690,-3.0014626,-1.6687762,1
29.6000000,5.1046340,-3.3075031,-2.5476656,1
29.7000000,4.8251277,-3.6454490,-3.4319831,1
29.8000000,4.4690080,-3.9907391,-4.3178794,1
29.9000000,4.1585869,-4.3056809,-5.1500862,1
30.0000000,5.5703859,-2.8410058,-1.0434841,1
30.1000000,5.2866367,-3.2132467,-1.9238343,1
30.2000000,4.9911278,-3.5137139,-2.7796058,1
30.3000000,4.6557626,-3.9181937,-3.6818166,1
30.4000000,4.3451840,-4.2426923,-4.4929516,1
30.5000000,3.9825341,-4.5160853,-5.4372250,1
30.6000000,5.4900146,-3.0408845,-1.1887505,1
30.7000000,5.1552189,-3.3892883,-2.0482664,1
30.8000000,4.8673084,-3.7799395,-2.9510606,1
30.9000000,4.4986585,-4.0699118,-3.8440768,0
31.0000000,4.1949658,-4.4204511,-4.7260592,1
31.1000000,3.8495712,-4.7471551,-5.5450470,1
31.2000000,5.4203728,-3.2603206,-1.2690398,1
31.3000000,5.0923707,-3.5882502,-2.1764860,1
31.4000000,4.7786947,-3.9300712,-3.0195340,1
31.5000000,4.4701797,-4.2470610,-3.8653259,1
31.6000000,4.1024250,-4.5899222,-4.7287790,1
31.7000000,3.7589273,-4.9246663,-5.6379191,1
31.8000000,5.3829319,-3.3724604,-1.2049495,1
31.9000000,5.0650051,-3.6963639,-2.0598981,1
32.0000000,4.7014822,-4.0010153,-2.8976727,1
32.1000000,4.3650084,-4.3593630,-3.7761268,1
32.2000000,3.9949647,-4.7146525,-4.6302320,1
32.3000000,3.6661344,-5.0189672,-5.4798712,1
32.4000000,5.3779212,-3.4431390,-0.9736610,1
32.5000000,5.0454156,-3.7925003,-1.8394139,1
32.6000000,4.7248969,-4.1357723,-2.7141251,1
32.7000000,4.3596197,-4.4518498,-3.5549660,1
32.8000000,3.9797428,-4.7468537,-4.4458790,1
32.9000000,3.6706396,-5.1554356,-5.2942927,1
33.0000000,3.2775323,-5.4282111,-6.1587302,1
33.1000000,5.1161877,-3.7953074,-1.5178269,1
33.2000000,4.7799135,-4.1378905,-2.3400067,1
33.3000000,4.4098176,-4.4782789,-3.1848665,1
33.4000000,4.0703270,-4.7803337,-4.0333200,1
33.5000000,3.6956629,-5.0934261,-4.9183754,1
33.6000000,3.3232138,-5.4401779,-5.7423059,1
33.7000000,5.2844405,-3.7211912,-0.9585111,1
33.8000000,4.9267509,-4.1015726,-1.8239935,1
33.9000000,4.5582158,-4.4152353,-2.6483926,1
34.0000000,4.1731047,-4.7193806,-3.5178173,0
34.1000000,3.7824057,-5.0766082,-4.3645123,1
34.2000000,3.4479886,-5.3966985,-5.2054328,1
34.3000000,3.0400768,-5.7318834,-6.0512919,1
34.4000000,5.1004330,-3.9926009,-1.1780669,1
34.5000000,4.6815829,-4.3131750,-2.0229625,1
34.6000000,4.3950322,-4.6299886,-2.8920390,1
34.7000000,4.0010341,-4.9734244,-3.7190710,1
34.8000000,3.5828060,-5.3038392,-4.5497490,1
34.9000000,3.1944817,-5.6170082,-5.4309512,1
35.0000000,2.8114778,-5.9731659,-6.2528255,1
35.1000000,4.9689559,-4.1770554,-1.2190915,0
35.2000000,4.5663509,-4.5301650,-2.0852958,1
35.3000000,4.1895327,-4.8794782,-2.8927203,1
35.4000000,3.8399539,-5.1936540,-3.7674020,1
35.5000000,3.4106048,-5.4778905,-4.5726340,1
35.6000000,3.0458455,-5.8348582,-5.4800229,1
35.7000000,2.6542949,-6.1366247,-6.2899452,1
35.8000000,4.8919437,-4.3225722,-1.1182968,1
35.9000000,4.5423846,-4.6242887,-1.9507762,1
36.0000000,4.1512129,-4.9264341,-2.7702124,1
36.1000000,3.7515760,-5.2687945,-3.6481588,1
36.2000000,3.3170019,-5.5964458,-4.5127144,1
36.3000000,2.9652721,-5.8945872,-5.3241066,1
36.4000000,2.5556502,-6.2313334,-6.2301954,1
36.5000000,4.9676622,-4.3761939,-0.7899984,1
36.6000000,4.5019495,-4.7256994,-1.6662816,1
36.7000000,4.1439228,-5.0156970,-2.5135611,1
36.8000000,3.7133808,-5.3209032,-3.3562588,1
36.9000000,3.3310212,-5.6456108,-4.1565222,1
37.0000000,2.9192451,-5.9609808,-4.9735976,1
37.1000000,2.4571164,-6.3029483,-5.8379975,1
37.2000000,2.0907457,-6.5729289,-6.6938968,1
37.3000000,4.6630834,-4.7043761,-1.2191217,1
37.4000000,4.2529758,-5.0350537,-2.0508319,1
37.5000000,3.7934335,-5.3483795,-2.8601875,1
37.6000000,3.4198752,-5.6482359,-3.7602876,1
37.7000000,2.9333805,-5.9578598,-4.5651086,1
37.8000000,2.5226182,-6.2771474,-5.3847208,1
37.9000000,2.1463689,-6.5609801,-6.2157967,1
38.0000000,1.7284197,-6.9396142,-7.0660459,1
38.1000000,4.3748653,-4.9449408,-1.4371369,1
38.2000000,3.9639230,-5.2673456,-2.2297277,1
38.3000000,3.5135822,-5.5969200,-3.0821597,1
38.4000000,3.1453299,-5.8853969,-3.8950472,1
38.5000000,2.7344865,-6.2303237,-4.7041563,1
38.6000000,2.2709331,-6.4956955,-5.5222364,1
38.7000000,1.8333724,-6.8398377,-6.3848927,1
38.8000000,4.6572211,-4.8248847,-0.6099100,1
38.9000000,4.2157254,-5.1330225,-1.4280807,1
39.0000000,3.7466407,-5.4626171,-2.2661062,1
39.1000000,3.3339787,-5.7606890,-3.0645416,1
39.2000000,2.9327352,-6.0928765,-3.9195503,1
39.3000000,2.4787811,-6.3945922,-4.7121772,1
39.4000000,2.0223063,-6.7167214,-5.5748545,1
39.5000000,1.5997788,-7.0259569,-6.3621520,1
39.6000000,1.1346237,-7.3186710,-7.2262541,1
39.7000000,4.1217309,-5.2666200,-1.2720143,1
39.8000000,3.7115698,-5.5526799,-2.1079750,1
39.9000000,3.2702621,-5.8812006,-2.9295808,1
40.0000000,2.8122621,-6.1869620,-3.7761371,1
40.1000000,2.6623989,-6.2736081,-4.7055278,1
40.2000000,2.6098856,-6.3811569,-5.6476489,1
40.3000000,2.4760107,-6.4072196,-6.6343810,1
40.4000000,4.6102593,-4.9302611,-0.8354455,0
40.5000000,4.4096014,-5.0227749,-1.7581548,1
40.6000000,4.2577602,-5.1609059,-2.7112135,1
40.7000000,4.0885959,-5.2836568,-3.6152310,1
40.8000000,4.8614438,-4.6839386,-0.4591354,1
40.9000000,4.6758574,-4.8394640,-1.4085127,1
41.0000000,4.5415871,-4.9227314,-2.3387482,1
41.1000000,4.8709190,-4.7050115,-0.5047941,1
41.2000000,4.7486032,-4.7683049,-1.4403007,1
41.3000000,4.9433707,-4.6284263,-0.3105951,1
41.4000000,4.7948750,-4.7324426,-1.2364504,1
41.5100000,4.9052722,-4.6702494,-0.5699447,1
41.6100000,4.8105693,-4.7175900,-1.4655035,0
41.7100000,4.8779746,-4.6659088,-1.0130906,1
41.8100000,4.9422498,-4.6230687,-0.7000468,1
41.9100000,4.9364916,-4.6319109,-0.4994783,1
42.0100000,4.9587412,-4.6464190,-0.4700488,1
42.1100000,4.9192784,-4.6203321,-0.5464494,1
42.2100000,4.9215271,-4.5764211,-0.7495343,1
42.3100000,4.9377527,-4.5877247,-0.2633852,1
42.4100000,4.9413362,-4.6126128,-0.5688411,1
42.5100000,4.9603328,-4.5867484,-0.3345162,1
42.6100000,4.9720446,-4.6352887,-0.3650125,1
42.7100000,4.9560588,-4.5831548,-0.3483736,1
42.8100000,4.9707333,-4.6129622,-0.1669917,1
42.9100000,4.9454453,-4.6154200,-0.3665415,1
43.0100000,4.9477726,-4.6095774,-0.0054908,1
43.1100000,4.9516251,-4.5946549,-0.1267611,1
43.2100000,4.9539808,-4.5726765,-0.0405876,0
43.3100000,4.9723024,-4.6284056,-0.0291988,1
43.4100000,4.9601163,-4.5462229,0.0206453,1
43.5100000,4.9755544,-4.6350547,-0.0245331,1
43.6100000,4.9608317,-4.5588009,0.0058734,1
43.7100000,4.9680333,-4.6172426,-0.0493825,1
43.8100000,4.9637259,-4.5732202,-0.0202891,1
43.9100000,4.9688040,-4.6058875,-0.0337418,1
44.0100000,4.9774747,-4.5711135,-0.0139287,1
44.1100000,4.9663612,-4.5847708,-0.0160500,1
44.2100000,4.9714826,-4.6126996,0.0143044,1
44.3100000,4.9879531,-4.6024671,0.0175743,1
44.4100000,4.9667973,-4.6085682,-0.0080170,1
44.5100000,4.9825270,-4.6285293,0.0001524,1
44.6100000,4.9872540,-4.5875398,-0.0076940,1
44.7100000,4.9678062,-4.6099733,0.0313097,1
44.8100000,4.9388515,-4.6125702,-0.0005424,1
44.9100000,4.9517057,-4.6225054,0.0096413,1
45.0100000,4.9505684,-4.5887325,-0.0265824,1
45.1100000,4.9534218,-4.5944898,-0.0053410,0
45.2100000,4.9678564,-4.6267680,-0.0159646,1
45.3100000,4.9664626,-4.6034528,0.0044033,1
45.4100000,4.9872749,-4.5644962,0.0053620,0
45.5100000,4.9611988,-4.6205873,-0.0009593,1
45.6100000,4.9431377,-4.6139619,-0.0023386,1
45.7100000,4.9557024,-4.6100284,0.0052192,1
45.8100000,4.9485905,-4.5865526,-0.0058442,1
45.9100000,4.9826935,-4.6226385,0.0116853,1
46.0100000,4.9290965,-4.6010289,-0.0345194,1
46.1100000,4.9922234,-4.6010875,0.0193945,1
46.2100000,5.0095090,-4.6175279,0.0109536,1
46.3100000,5.0107349,-4.6625233,0.0081504,1
46.4100000,4.9363889,-4.6109034,0.0196033,1
46.5100000,4.9795499,-4.6214346,-0.0214211,1
46.6100000,4.9820798,-4.5958231,-0.0239633,1
46.7100000,4.9776240,-4.5967776,-0.0191631,1
46.8100000,4.9422091,-4.6174687,-0.0261495,1
46.9100000,4.9723975,-4.6147039,-0.0034464,1
47.0100000,4.9522978,-4.6124563,0.0087370,1
47.1100000,4.9670451,-4.5930002,-0.0210371,1
47.2100000,4.9851670,-4.6329170,0.0046518,1
47.3100000,4.9537492,-4.6281145,-0.0302051,1
47.4100000,4.9709341,-4.6481500,-0.0122779,1
47.5100000,4.9756305,-4.5874242,0.0069082,1
47.6100000,4.9479908,-4.5778584,-0.0175685,1
47.7100000,4.9789578,-4.6084362,-0.0175681,1
47.8100000,4.9574419,-4.5935180,-0.0093528,1
47.9100000,4.9397328,-4.5875069,-0.0114819,1
48.0100000,4.9430806,-4.5832828,0.0057954,1
48.1100000,4.9407831,-4.6031898,-0.0051309,0
48.2100000,4.9577693,-4.6188320,0.0206497,1
48.3100000,4.9565985,-4.5892826,0.0075051,1
48.4100000,4.9468393,-4.6561197,-0.0052277,1
48.5100000,4.9556646,-4.5841603,0.0150705,1
48.6100000,4.9662003,-4.5898989,0.0524213,1
48.7100000,4.9552852,-4.5948155,0.0061458,1
48.8100000,4.9431970,-4.6107144,-0.0064214,1
48.9100000,4.9774079,-4.6132937,-0.0007779,1
49.0100000,4.9713988,-4.6346037,-0.0034945,1
49.1100000,4.9752522,-4.6209201,-0.0508966,1
49.2100000,4.9705950,-4.6210309,-0.0157472,1
49.3100000,4.9597297,-4.6201947,0.0297278,1
49.4100000,4.9984363,-4.5979794,-0.0102681,1
49.5100000,4.9639495,-4.6106540,0.0213900,1
49.6100000,4.9926427,-4.6056162,0.0088733,1
49.7100000,4.9617162,-4.6108961,0.0033347,1
49.8100000,4.9370355,-4.6020998,-0.0093283,1
49.9100000,4.9489191,-4.6147613,0.0089435,1
50.0100000,4.9516510,-4.5933843,-0.0137090,1
50.1100000,4.9031893,-4.6085375,-0.0029633,1
50.2100000,4.9445290,-4.5939059,-0.0028695,0
50.3100000,4.9691443,-4.6147910,-0.0086655,1
50.4100000,4.9717474,-4.6399568,-0.0149072,0
50.5100000,4.9841965,-4.6354469,0.0062429,1
50.6100000,4.9669334,-4.5882762,0.0196114,1
50.7100000,4.9814419,-4.5714122,-0.0346275,1
50.8100000,4.9949945,-4.6374808,-0.0021946,1
50.9100000,4.9750772,-4.6231096,0.0194627,1
51.0100000,4.9706417,-4.5929406,-0.0018677,1
51.1100000,4.9965006,-4.6204658,-0.0212382,1
51.2100000,4.9777403,-4.5791072,0.0105830,1
51.3100000,4.9663426,-4.5896994,-0.0276571,1
51.4100000,4.9684261,-4.5917932,0.0030678,1
51.5100000,4.9986032,-4.5927390,0.0015747,1
51.6100000,4.9263626,-4.6055247,-0.0191839,1
51.7100000,4.9373114,-4.6041544,-0.0192061,1
51.8100000,4.9481979,-4.6212781,0.0161336,1
51.9100000,4.9660025,-4.6150582,0.0174700,1
52.0100000,4.9532196,-4.6154835,0.0008348,1
52.1100000,4.9640161,-4.5871669,0.0111521,1
52.2100000,4.9639962,-4.6181981,0.0209580,1
52.3100000,4.9696220,-4.5822179,0.0114768,1
52.4100000,4.9522002,-4.5867261,-0.0268981,1
52.5100000,4.9615024,-4.5905309,0.0285263,1
52.6100000,4.9275127,-4.6110023,0.0694361,1
52.7100000,4.9593549,-4.5800571,-0.0172365,1
52.8100000,4.9142133,-4.5948246,0.0095314,1
52.9100000,4.9827135,-4.6362473,-0.0232151,1
53.0100000,4.9541405,-4.5779717,-0.0341930,0
53.1100000,4.9313530,-4.5934973,-0.0167169,0
53.2100000,4.9314220,-4.5569333,-0.0100938,1
53.3100000,4.9869455,-4.5787102,-0.0091183,1
53.4100000,4.9624255,-4.5837249,0.0319411,1
53.5100000,5.0063794,-4.6026327,0.0119697,1
53.6100000,4.9635779,-4.6179210,0.0123220,1
53.7100000,4.9613985,-4.6230933,-0.0261239,1
53.8100000,4.9818654,-4.6210592,0.0038326,1
53.9100000,4.9515855,-4.6315185,0.0102422,1
54.0100000,4.9731827,-4.6194326,-0.0168658,1
54.1100000,4.9744686,-4.6022280,0.0041790,1
54.2100000,4.9253213,-4.6470373,-0.0042474,1
54.3100000,4.9369386,-4.6167202,0.0370166,1
54.4100000,4.9513511,-4.6129067,0.0120732,1
54.5100000,4.9327485,-4.5991418,-0.0122050,1
54.6100000,4.9770815,-4.6135166,0.0060783,1
54.7100000,4.9352301,-4.5715004,0.0027127,1
54.8100000,4.9638530,-4.6145815,-0.0277522,0
54.9100000,4.9689413,-4.5845518,-0.0122948,1
55.0100000,4.9487829,-4.6035168,0.0019133,1
55.1100000,4.9845451,-4.6160144,0.0202831,1
55.2100000,4.9790440,-4.6187253,0.0254384,1
55.3100000,4.9962398,-4.5842041,-0.0116260,1
55.4100000,4.9793357,-4.6084697,0.0263137,1
55.5100000,4.9629168,-4.6453645,0.0005078,1
55.6100000,5.0003721,-4.6307238,-0.0130123,1
55.7100000,4.9523946,-4.5804493,-0.0125877,1
55.8100000,4.9433074,-4.5860494,0.0330306,1
55.9100000,4.9492584,-4.5995333,-0.0068415,1
56.0100000,4.9616563,-4.6122226,0.0279990,1
56.1100000,4.9525225,-4.6213941,-0.0086721,1
56.2100000,4.9479953,-4.6278395,-0.0163315,1
56.3100000,4.9755338,-4.6009966,-0.0167848,1
56.4100000,4.9567153,-4.5958500,-0.0085684,1
56.5100000,4.9593700,-4.5932075,0.0039746,1
56.6100000,4.9799747,-4.6008327,0.0255639,1
56.7100000,4.9945658,-4.5846177,0.0056528,1
56.8100000,4.9242221,-4.5851272,0.0103243,1
56.9100000,4.9620040,-4.6078496,-0.0064152,1
57.0100000,4.9612891,-4.5756116,0.0036979,1
57.1100000,4.9338057,-4.5886876,0.0160524,1
57.2100000,4.9687649,-4.5972107,0.0075509,1
57.3100000,4.9645461,-4.6139689,0.0035115,1
57.4100000,4.9798701,-4.5845720,0.0074330,1
57.5100000,4.9645543,-4.6031204,0.0387277,1
57.6100000,4.9773691,-4.5998738,0.0103427,1
57.7100000,4.9817108,-4.5678836,-0.0388422,1
57.8100000,4.9517371,-4.6135145,-0.0010906,1
57.9100000,4.9389949,-4.5911491,-0.0081150,1
58.0100000,4.9815931,-4.6169983,-0.0056240,1
58.1100000,4.9443999,-4.5925795,-0.0038669,1
58.2100000,4.9163476,-4.5978125,-0.0077627,1
58.3100000,4.9856148,-4.5873069,-0.0177029,1
58.4100000,5.0010831,-4.6153095,0.0012081,1
58.5100000,4.9674906,-4.5716319,-0.0049043,1
58.6100000,4.9732443,-4.6045988,0.0030899,0
58.7100000,4.9718447,-4.6106754,0.0395035,1
58.8100000,4.9480454,-4.6074319,-0.0202664,0
58.9100000,4.9327339,-4.5694992,0.0128192,1
59.0100000,4.9569400,-4.6174762,0.0164288,1
59.1100000,4.9842040,-4.6101390,-0.0118458,1
59.2100000,4.9398215,-4.6070956,-0.0177380,1
59.3100000,4.9551715,-4.6297759,0.0328519,1
59.4100000,4.9765505,-4.6094946,-0.0009883,1
59.5100000,4.9947370,-4.5769679,-0.0020703,1
59.6100000,4.9680082,-4.6243208,-0.0390457,1
59.7100000,4.9275512,-4.5980204,0.0175640,1
59.8100000,4.9797284,-4.6181135,0.0134393,1
59.9100000,4.9477278,-4.5884496,-0.0011133,1
60.0100000,4.9773736,-4.6285249,-0.0545287,1
60.1100000,4.9899234,-4.5915523,0.0100628,1
60.2100000,4.9589595,-4.5792970,0.0591233,1
60.3100000,4.9793772,-4.6264020,0.0926359,1
60.4100000,5.0079875,-4.5574248,0.1824427,1
60.5100000,4.9507528,-4.5910741,0.1853104,1
60.6100000,4.9997942,-4.6425735,0.1843845,1
60.7100000,4.9360147,-4.6214458,0.2703745,1
60.8100000,4.9392491,-4.5600139,0.2925294,1
60.9100000,4.9160433,-4.6097326,0.3055635,1
61.0100000,4.9529675,-4.6400069,0.3145854,1
61.1100000,4.9345687,-4.5929220,0.3891049,1
61.2100000,4.9394135,-4.5687968,0.3746897,1
61.3100000,4.9539579,-4.6125157,0.3821686,1
61.4100000,4.9208150,-4.6101325,0.4269671,1
61.5100000,4.9347951,-4.5900590,0.4217874,1
61.6100000,4.9394434,-4.6339595,0.4672466,1
61.7100000,4.9146318,-4.6174424,0.4723319,0
61.8100000,4.9275345,-4.6119294,0.5171147,1
61.9100000,4.8719640,-4.5943368,0.5038667,1
62.0100000,4.9008197,-4.6018495,0.5298561,1
62.1100000,4.8978840,-4.6047319,0.5092019,1
62.2100000,4.9113313,-4.5839525,0.5091713,1
62.3100000,4.8992046,-4.6110511,0.5799710,1
62.4100000,4.8443041,-4.5775316,0.5795927,1
62.5100000,4.8585696,-4.5821796,0.6063465,1
62.6100000,4.8784283,-4.6064846,0.5833231,1
62.7100000,4.8914971,-4.6081119,0.5982906,1
62.8100000,4.8376013,-4.6231826,0.6433521,1
62.9100000,4.8577384,-4.5961047,0.6822144,1
63.0100000,4.8676199,-4.6129798,0.6342235,1
63.1100000,4.8603547,-4.6227931,0.5979691,1
63.2100000,4.8557212,-4.5957222,0.6191603,1
63.3100000,4.8081146,-4.5882264,0.6556854,1
63.4100000,4.8483361,-4.6032982,0.6919109,1
63.5100000,4.8365335,-4.6431571,0.6446276,1
63.6100000,4.8150518,-4.5782578,0.6933845,1
63.7100000,4.8331726,-4.5931087,0.6778213,1
63.8100000,4.8492569,-4.5969248,0.7218148,1
63.9100000,4.7857095,-4.6105470,0.6759119,1
64.0100000,4.7702456,-4.5801201,0.6797633,0
64.1100000,4.7783889,-4.5669750,0.7160782,1
64.2100000,4.8218803,-4.6196621,0.7117349,1
64.3100000,4.7784540,-4.5780508,0.7135366,1
64.4100000,4.7393757,-4.6052276,0.7399330,1
64.5100000,4.7854394,-4.6205809,0.7197299,1
64.6100000,4.7464492,-4.5882088,0.6871517,1
64.7100000,4.7581297,-4.5995262,0.7231151,1
64.8100000,4.7479512,-4.6261410,0.7062051,1
64.9100000,4.7413017,-4.6026631,0.7190526,1
65.0100000,4.7586437,-4.6138784,0.7098103,1
65.1100000,4.7109952,-4.6084527,0.7031336,1
65.2100000,4.7256806,-4.6220239,0.6975945,1
65.3100000,4.6820026,-4.6051832,0.7361601,1
65.4100000,4.6566096,-4.6127554,0.7366206,1
65.5100000,4.6492094,-4.6127468,0.7515320,1
65.6100000,4.6552544,-4.5997524,0.7077473,1
65.7100000,4.6694159,-4.6014536,0.7213984,0
65.8100000,4.6517500,-4.6213720,0.6747218,1
65.9100000,4.6368570,-4.5821828,0.7464699,1
66.0100000,4.6193471,-4.5774263,0.7245540,1
66.1100000,4.6351249,-4.5810156,0.7537238,1
66.2100000,4.6032690,-4.6049058,0.7654409,1
66.3100000,4.5985389,-4.5830772,0.7037198,1
66.4100000,4.5798542,-4.5932528,0.7299616,1
66.5100000,4.6046632,-4.6211950,0.7264340,1
66.6100000,4.5638899,-4.5953533,0.7127117,1
66.7100000,4.5938020,-4.6034680,0.7646060,1
66.8100000,4.5607039,-4.6147182,0.7551855,1
66.9100000,4.5499936,-4.6636613,0.7570755,1
67.0100000,4.5475079,-4.6064140,0.7489949,1
67.1100000,4.5167213,-4.5997054,0.7611198,0
67.2100000,4.5210408,-4.5819372,0.7473247,1
67.3100000,4.4694220,-4.6153565,0.7477192,1
67.4100000,4.4817536,-4.6272288,0.7258357,1
67.5100000,4.4754950,-4.6283687,0.7262896,1
67.6100000,4.4917434,-4.5786386,0.7650347,1
67.7100000,4.4280945,-4.6093337,0.7376814,1
67.8100000,4.4580776,-4.5977170,0.6931028,1
67.9100000,4.4026706,-4.5894253,0.7039505,1
68.0100000,4.4213423,-4.5795901,0.7347109,1
68.1100000,4.4347274,-4.6129976,0.6817751,1
68.2100000,4.4354774,-4.6388363,0.6732785,1
68.3100000,4.3926528,-4.6270193,0.6881163,1
68.4100000,4.3865734,-4.6258112,0.7473870,1
68.5100000,4.3352342,-4.5919772,0.7245047,1
68.6100000,4.3363888,-4.6202942,0.7181308,0
68.7100000,4.3377563,-4.5514140,0.6846401,1
68.8100000,4.3413569,-4.5691954,0.7541205,1
68.9100000,4.2857021,-4.6118965,0.7077765,1
69.0100000,4.3111201,-4.6165661,0.6900397,0
69.1100000,4.2636259,-4.5911468,0.6850826,1
69.2100000,4.2781685,-4.5957292,0.7363243,1
69.3100000,4.2728609,-4.6179583,0.7055323,1
69.4100000,4.2621413,-4.5644480,0.7507937,1
69.5100000,4.2228064,-4.5845119,0.6971465,1
69.6100000,4.2195500,-4.6136249,0.7264026,1
69.7100000,4.2133222,-4.5723761,0.7214418,1
69.8100000,4.1515304,-4.6029067,0.6997000,1
69.9100000,4.1863532,-4.5998218,0.7058561,1
70.0100000,4.1915205,-4.6153427,0.6960054,1
70.1100000,4.1429853,-4.5934677,0.6538411,1
70.2100000,4.1564057,-4.6100403,0.6840622,1
70.3100000,4.0915542,-4.5899007,0.6722186,1
70.4100000,4.0935739,-4.5883175,0.6456269,1
70.5100000,4.0785286,-4.5940798,0.6603312,1
70.6100000,4.0603990,-4.5989748,0.6735842,1
70.7100000,4.0353645,-4.5656196,0.6554397,1
70.8100000,4.0823888,-4.6195695,0.6699628,1
70.9100000,4.0074527,-4.6491751,0.6365508,0
71.0100000,3.9933227,-4.6241279,0.6168124,1
71.1100000,4.0365486,-4.6285208,0.6619731,1
71.2100000,3.9780715,-4.6153717,0.6538473,1
71.3100000,3.9780132,-4.6263674,0.6834546,1
71.4100000,3.9638036,-4.5934584,0.6470644,1
71.5100000,3.9371060,-4.6134872,0.6639411,1
71.6100000,3.9597993,-4.6140753,0.6749448,1
71.7100000,3.8821585,-4.6004893,0.6374184,1
71.8100000,3.8677879,-4.6203921,0.6612790,1
71.9100000,3.8688997,-4.5949656,0.6449153,1
72.0100000,3.8783038,-4.6290843,0.6494718,1
72.1100000,3.8519649,-4.5997732,0.6157535,1
72.2100000,3.8111412,-4.6546023,0.6390573,1
72.3100000,3.7901401,-4.6263606,0.6427197,1
72.4100000,3.7725499,-4.6210135,0.6645814,1
72.5000000,3.7533183,-4.6234725,0.6117149,1
72.6000000,3.7241809,-4.6054376,0.6401043,1
72.7000000,3.7305747,-4.5969321,0.6177237,1
72.8000000,3.6812675,-4.6035145,0.6034732,1
72.9000000,3.6841671,-4.6030041,0.6074512,1
73.0000000,3.6696373,-4.5914499,0.5831867,1
73.1000000,3.6570805,-4.6462685,0.5838711,1
73.2000000,3.6087089,-4.6266798,0.6072272,1
73.3000000,3.6141636,-4.6014183,0.5729974,1
73.4000000,3.5944713,-4.6099063,0.6447614,1
73.5000000,3.5614559,-4.6082119,0.5768824,1
73.6000000,3.5395409,-4.6035711,0.6037261,1
73.7000000,3.5232164,-4.6254158,0.5566115,1
73.8000000,3.5149283,-4.5785641,0.5780297,1
73.9000000,3.4947295,-4.6155030,0.5900440,1
74.0000000,3.4491003,-4.6224365,0.5693427,1
74.1000000,3.4475936,-4.6000788,0.5735816,0
74.2000000,3.3833931,-4.6274965,0.5756490,1
74.3000000,3.3787094,-4.6307191,0.5548622,1
74.4000000,3.3550326,-4.6184407,0.5775426,1
74.5000000,3.3477621,-4.5929954,0.5264404,1
74.6000000,3.3220566,-4.6006036,0.5671071,1
74.7000000,3.3443222,-4.5883216,0.5689486,1
74.8000000,3.3026273,-4.5959682,0.5432513,1
74.9000000,3.2608464,-4.6286113,0.5459782,1
75.0000000,3.2151882,-4.5794925,0.5618790,1
75.1000000,3.2437376,-4.6176539,0.5413058,1
75.2000000,3.2401901,-4.5902858,0.5000108,1
75.3000000,3.1799801,-4.6024811,0.5299385,1
75.4000000,3.1814134,-4.5974230,0.5410052,1
75.5000000,3.1488368,-4.5991425,0.5210726,1
75.6000000,3.0724861,-4.5774982,0.5430201,1
75.7000000,3.0736269,-4.5862024,0.5192409,1
75.8000000,3.0883761,-4.5989375,0.5184163,1
75.9000000,3.0248224,-4.6161350,0.4988694,1
76.0000000,3.0292184,-4.6166079,0.5035576,1
76.1000000,2.9979182,-4.6120940,0.5147992,1
76.2000000,2.9789387,-4.5984824,0.5052019,1
76.3000000,2.9694309,-4.5834415,0.4812661,1
76.4000000,2.9387659,-4.5998008,0.4604972,1
76.5000000,2.9104831,-4.5983974,0.4791779,1
76.6000000,2.8764872,-4.6221381,0.4947547,1
76.7000000,2.8371630,-4.6040332,0.4578453,1
76.8000000,2.8308897,-4.6029749,0.4724658,1
76.9000000,2.8123645,-4.6185028,0.4559596,1
77.0000000,2.8105034,-4.6172676,0.4806298,1
77.1000000,2.7685981,-4.6129407,0.4702053,1
77.2000000,2.7276454,-4.5807884,0.4823514,1
77.3000000,2.7108340,-4.6038861,0.4632972,0
77.4000000,2.6760822,-4.6453182,0.4296449,1
77.5000000,2.7000424,-4.5732522,0.4517969,1
77.6000000,2.6401182,-4.6069975,0.4187602,1
77.7000000,2.5776048,-4.6215270,0.4427465,1
77.8000000,2.5853015,-4.6308594,0.4685815,1
77.9000000,2.5699073,-4.6134880,0.4235596,1
78.0000000,2.4922229,-4.5698439,0.4222765,1
78.1000000,2.5313496,-4.6009047,0.4247393,1
78.2000000,2.4442396,-4.6104420,0.4137114,1
78.3000000,2.4350360,-4.5983130,0.3848324,1
78.4000000,2.3941807,-4.6054949,0.4259194,1
78.5000000,2.4232185,-4.5995636,0.3989369,1
78.6000000,2.3751541,-4.6110990,0.3789691,1
78.7000000,2.3395456,-4.5971624,0.3816552,1
78.8000000,2.3130894,-4.5905934,0.4197698,1
78.9000000,2.2946947,-4.6276462,0.3987222,1
79.0000000,2.2275745,-4.5900429,0.3738872,1
79.1000000,2.1942681,-4.5765869,0.3958521,1
79.2000000,2.2055919,-4.6087047,0.4012902,1
79.3000000,2.1590344,-4.5970850,0.3526715,1
79.4000000,2.1388558,-4.6044132,0.3412779,1
79.5000000,2.1266972,-4.6012128,0.3733080,1
79.6000000,2.1248826,-4.6074367,0.3703870,1
79.7000000,2.0702864,-4.6431382,0.3722765,1
79.8000000,2.0354276,-4.5883332,0.3811184,1
79.9000000,2.0053938,-4.6089077,0.3618581,1
